Economy_Label,1980_Dead_weight_tons_in_thousands_Value,1981_Dead_weight_tons_in_thousands_Value,1982_Dead_weight_tons_in_thousands_Value,1983_Dead_weight_tons_in_thousands_Value,1984_Dead_weight_tons_in_thousands_Value,1985_Dead_weight_tons_in_thousands_Value,1986_Dead_weight_tons_in_thousands_Value,1987_Dead_weight_tons_in_thousands_Value,1988_Dead_weight_tons_in_thousands_Value,1989_Dead_weight_tons_in_thousands_Value,1990_Dead_weight_tons_in_thousands_Value,1991_Dead_weight_tons_in_thousands_Value,1992_Dead_weight_tons_in_thousands_Value,1993_Dead_weight_tons_in_thousands_Value,1994_Dead_weight_tons_in_thousands_Value,1995_Dead_weight_tons_in_thousands_Value,1996_Dead_weight_tons_in_thousands_Value,1997_Dead_weight_tons_in_thousands_Value,1998_Dead_weight_tons_in_thousands_Value,1999_Dead_weight_tons_in_thousands_Value,2000_Dead_weight_tons_in_thousands_Value,2001_Dead_weight_tons_in_thousands_Value,2002_Dead_weight_tons_in_thousands_Value,2003_Dead_weight_tons_in_thousands_Value,2004_Dead_weight_tons_in_thousands_Value,2005_Dead_weight_tons_in_thousands_Value,2006_Dead_weight_tons_in_thousands_Value,2007_Dead_weight_tons_in_thousands_Value,2008_Dead_weight_tons_in_thousands_Value,2009_Dead_weight_tons_in_thousands_Value,2010_Dead_weight_tons_in_thousands_Value,2011_Dead_weight_tons_in_thousands_Value,2012_Dead_weight_tons_in_thousands_Value,2013_Dead_weight_tons_in_thousands_Value,2014_Dead_weight_tons_in_thousands_Value,2015_Dead_weight_tons_in_thousands_Value,2016_Dead_weight_tons_in_thousands_Value,2017_Dead_weight_tons_in_thousands_Value,2018_Dead_weight_tons_in_thousands_Value,2019_Dead_weight_tons_in_thousands_Value,2020_Dead_weight_tons_in_thousands_Value,2021_Dead_weight_tons_in_thousands_Value,2022_Dead_weight_tons_in_thousands_Value,2023_Dead_weight_tons_in_thousands_Value,2024_Dead_weight_tons_in_thousands_Value,2025_Dead_weight_tons_in_thousands_Value,2026_Dead_weight_tons_in_thousands_Value
"World",672192,679755,686055,690098,681565,668145,654332,632238,625046,620734,629976,651282,674421,683639,699745,719216,731870,755298,772801,785331,793771,802771,822011,841735,863667,907474,965006,1042328,1117779,1192317,1276137,1418377,1537483,1634029,1694518,1753091,1811214,1868251,1937777,1989924,2073311,2138844,2206295,2283273,2363141,2443569,2528788
"Africa",167909,165985,155707,147478,141796,129956,122081,109764,105865,102174,97139,106851,102106,105518,100305,102952,104833,105438,105173,104467,91553,86383,84532,82428,87865,89245,98563,111189,123876,133021,150732,191415,201382,223501,229208,229778,236840,234604,241566,261205,294396,325659,366408,412755,447619,473716,526090
"Americas",78121,84072,90486,101618,108096,115840,119464,130503,138214,142196,151271,143613,165908,174061,182940,189582,202736,224402,246320,261570,274918,292090,289871,291261,291839,301526,323177,352947,379285,404314,421891,462428,475701,489287,477119,476127,477749,488768,478861,475996,469606,482979,487562,504911,520956,537244,515803
"Asia",131468,135572,144238,154365,164924,171993,180488,188813,198592,194544,190937,192415,194099,197774,204762,214875,217898,222433,217908,215308,217410,215774,215158,226170,233504,254953,269740,284920,299592,314716,336595,372953,420150,462186,505067,532975,554290,569944,607511,633431,676435,685346,694133,707560,730674,749894,772183
"Europe",291763,291277,292544,283366,263246,246421,228425,198663,177083,176135,184809,200831,204650,198817,204360,204575,199555,196467,197293,198471,204939,204387,206002,211201,214533,214503,219414,228592,243489,259640,275349,271485,305086,305194,315205,321220,328626,341993,356816,359131,355850,352920,348033,336968,328108,346189,358712
"Oceania",2931,2848,3080,3272,3503,3936,3874,4494,5292,5686,5820,7572,7658,7469,7377,7232,6849,6558,6107,5515,4950,4137,26449,30675,35927,47247,54100,59994,66471,76009,85960,116156,130178,149129,163500,188435,209186,228081,250361,257430,273573,287508,304164,314155,327965,324024,334378
"Individual economies",,,,,,,,,,,,,,,,,,,,,,,,,,,,,,,,,,,,,,,,,,,,,,,
"Asia and Oceania",134399,138421,147317,157637,168427,175929,184362,193307,203884,200230,196757,199987,201757,205243,212140,222107,224747,228991,224015,220823,222360,219911,241606,256845,269431,302200,323840,344914,366062,390725,422554,489109,550328,611316,668567,721409,763476,798026,857872,890861,950008,972854,998297,1021715,1058639,1073918,1106562
"Northern America and Europe",316798,317442,317337,308424,289482,272272,254062,224547,204412,207183,216144,234366,235160,228071,233316,231642,226261,225958,230743,232521,242102,243618,227406,230813,235760,235964,242819,253600,268669,285319,301649,300373,332823,333739,341424,347570,354469,368258,383308,384447,379766,376798,371718,360110,351259,369454,383006
"Europe, Northern America, Australia and New Zealand",319481,320129,320246,311520,292766,275831,257490,228546,208485,211210,220150,238398,239251,232303,237641,236119,230545,230212,234789,235794,245121,246141,229892,233200,238202,238513,245278,256010,271175,287826,304147,302665,334808,335630,343369,349673,356584,370359,385799,387103,382393,379600,374522,362834,353977,371970,385375
"Central and Southern Asia",12443,12823,13216,13960,15142,16417,16940,18001,20322,19723,20524,20968,20441,20563,20383,19033,18218,19693,19216,18466,18746,19052,18558,18556,21125,22916,24048,24633,21939,18659,18339,21049,20317,22095,23830,23555,24417,27454,26488,25686,42240,43044,43267,46159,46726,46871,47289
"Eastern and South-Eastern Asia",103259,106728,112060,117698,121132,123006,128773,132388,132791,126772,120808,121594,120330,122955,124981,135673,137556,142816,140070,138677,140310,139893,140795,151311,157629,178184,196346,211199,229165,245118,266327,303376,345681,387409,428189,453595,474024,486964,515197,544054,570364,579557,588564,601066,622933,635566,650174
"Western Asia and Northern Africa",20717,20981,24066,28002,34211,38320,40793,43558,50642,53554,54996,55347,58592,59319,64357,65020,66997,64723,63457,62910,62831,61190,59825,59917,58045,57046,52478,52127,51409,54117,56073,52921,58714,56971,57258,60543,60549,60610,70701,68019,68242,67271,66741,64881,64903,71461,78719
"Developing economies",276280,281895,286639,296935,305079,303999,306661,312709,322504,316120,321849,326000,347818,365351,374839,399865,420807,447680,463102,479414,479770,491244,528237,543625,562232,605887,659079,719118,775299,829937,896062,1044923,1125945,1223805,1266839,1316582,1366938,1408892,1462274,1512962,1596871,1665508,1736085,1820971,1906784,1959492,2015738
"Developing economies: Africa",167909,165985,155707,147478,141796,129956,122081,109764,105865,102174,97139,106851,102106,105518,100305,102952,104833,105438,105173,104467,91553,86383,84532,82428,87865,89245,98563,111189,123876,133021,150732,191415,201382,223501,229208,229778,236840,234604,241566,261205,294396,325659,366408,412755,447619,473716,526090
"Developing economies: Americas",53087,57908,65694,76560,81860,89989,93828,104619,110885,111147,119936,110078,135398,144807,153984,162515,176029,194910,212870,227520,237755,252859,268467,271649,270611,280065,299772,327939,354105,378635,395591,433539,447965,460741,450899,449777,451905,462503,452369,450680,445690,459102,463877,481769,497805,513979,491509
"Developing economies: Asia and Oceania",55284,58002,65238,72898,81422,84054,90752,98325,105754,102799,104774,109071,110314,115025,120550,134398,139945,147332,145058,147427,150462,152002,175238,189548,203756,236577,260744,279990,297318,318281,349739,419969,476598,539563,586731,637026,678193,711785,768338,801077,856786,880746,905800,926447,961360,971797,998140
"Developed economies",395912,397860,399416,393163,376486,364146,347671,319529,302542,304614,308127,325282,326603,318288,324906,319351,311064,307618,309699,305917,314001,311527,293774,298110,301436,301587,305915,318524,337413,357763,374464,369513,406553,405492,423260,431953,439752,454499,472841,474231,472988,468906,464216,455378,448538,471575,491428
"Developed economies: Americas",25034,26164,24792,25058,26236,25851,25637,25884,27329,31048,31335,33535,30510,29254,28956,27067,26707,29492,33449,34050,37163,39231,21404,19612,21228,21461,23405,25008,25180,25679,26300,28888,27736,28545,26219,26350,25844,26265,26492,25316,23916,23877,23685,23142,23151,23265,24294
"Developed economies: Asia and Oceania",79115,80418,82079,84739,87004,91874,93609,94981,98130,97431,91983,90916,91443,90218,91589,87709,84803,81659,78957,73396,71899,67909,66368,67297,65675,65623,63096,64923,68744,72445,72816,69140,73730,71753,81835,84383,85283,86241,89534,89784,93223,92108,92497,95268,97279,102121,108422
"Developed economies: Europe",291763,291277,292544,283366,263246,246421,228425,198663,177083,176135,184809,200831,204650,198817,204360,204575,199555,196467,197293,198471,204939,204387,206002,211201,214533,214503,219414,228592,243489,259640,275349,271485,305086,305194,315205,321220,328626,341993,356816,359131,355850,352920,348033,336968,328108,346189,358712
"Developing economies excluding China",266771,271677,275096,284747,292003,290059,290743,295285,304020,296760,301649,305245,327390,344657,352387,376508,395873,422686,439017,455399,456069,467436,504189,518096,535407,576094,626305,684337,738175,789939,850904,988200,1063209,1151355,1188056,1238219,1290155,1329370,1371665,1413937,1493549,1554547,1615551,1687786,1763652,1819641,1873735
"Developing economies excluding LDCs",114959,122514,137517,156227,170362,181157,191821,209620,222821,220299,230094,224171,250300,264486,279458,301710,321063,346974,362960,379791,392698,409447,448001,461036,477822,519863,563166,607633,650281,695841,744717,854426,927549,1002810,1039620,1090241,1134123,1179670,1225777,1256731,1307507,1347878,1379672,1422196,1477985,1503948,1512516
"LDCs (Least developed countries)",161321,159380,149122,140709,134716,122842,114841,103089,99683,95821,91755,101829,97518,100864,95381,98155,99744,100706,100142,99623,87072,81797,80236,82589,84409,86024,95914,111485,125017,134096,151344,190497,198396,220995,227219,226341,232815,229222,236497,256231,289364,317630,356413,398775,428799,455544,503222
"LDCs: Africa",160719,158767,148435,140005,134045,122188,114192,102385,98716,94769,90231,99931,95413,98935,93693,96571,98391,99047,98707,98212,85653,80486,78896,77453,82451,83956,93470,105987,118622,127282,143675,179602,190758,212752,218594,218277,225194,222737,229466,249396,280823,309203,347139,388724,418637,442289,485415
"LDCs: Asia",505,608,680,694,662,644,638,692,955,1041,1510,1884,2092,1901,1562,1493,1243,1557,1336,1321,1337,1192,1179,4778,1256,1283,1309,3921,3708,3622,3735,5225,4567,4591,4989,4643,4255,3161,3261,3559,4421,4651,5311,6058,6318,6895,7024
"LDCs: Islands and Haiti",97,6,7,9,9,9,10,12,12,12,14,14,13,28,126,91,109,102,99,90,81,119,161,358,702,785,1134,1576,2687,3191,3935,5670,3071,3651,3635,3421,3365,3324,3770,3276,4119,3776,3962,3993,3844,6359,10782
"LLDCs (Landlocked developing countries)",93,84,90,100,104,113,142,164,174,163,155,149,139,624,647,617,671,686,698,721,964,966,949,1275,1361,1236,1015,1699,2208,2329,2846,3669,2867,2857,3544,4868,4808,3593,2783,2893,2917,2907,2726,2644,2968,4389,4304
"SIDS (Small island developing States) (UN-OHRLLS)",18113,17654,14740,15951,17178,20748,22584,28278,36152,39805,45855,52403,63708,69366,72253,74316,79769,89490,99650,106621,113371,113727,137235,142453,149303,167395,188325,204841,222062,240345,253253,301359,327367,359648,383299,419282,450040,470737,492121,498942,524089,533623,544175,558946,580179,616496,666579
"SIDS: Atlantic and Indian Ocean",3216,3186,1057,1088,1627,1596,1749,2181,3564,7297,8023,8102,5465,5792,5528,5018,5286,5710,7938,8214,10877,9892,9002,7431,7429,7701,9811,10783,11422,11846,11911,14843,13067,14169,12319,12488,12420,12353,12261,11099,10168,10688,10560,10653,10536,15326,20935
"SIDS: Caribbean",1726,1757,1967,2492,3305,7738,9202,14998,19444,19055,24130,27796,40387,44379,46150,48024,50897,55754,60113,64001,65927,68479,71471,73115,71995,74061,78311,85493,91124,94199,96220,107924,105799,105702,102269,102928,107311,107894,103787,103822,103063,101917,100540,102083,103673,127323,127652
"SIDS: Pacific",13172,12710,11717,12371,12246,11414,11633,11099,13144,13453,13702,16505,17856,19195,20575,21275,23586,28026,31598,34406,36567,35356,56762,61907,69879,85633,100203,108565,119515,134300,145122,178592,208501,239777,268711,303866,330309,350490,376073,384021,410858,421019,433075,446209,465971,473847,517992
"BRICS",56160,58684,62197,64979,68235,70868,74914,77695,81800,83137,84573,85501,83747,72542,74050,74050,73328,71414,68651,66232,65119,64982,64837,65884,69278,71566,74735,77945,77686,77628,85827,103262,107400,120556,130564,132809,134268,141350,154364,164146,186574,197289,206930,222899,236642,237803,247332
"European Union (2020 …)",180898,181070,184484,180703,172971,170163,160991,149855,143472,141452,140054,144086,159341,164812,175877,176072,176011,173057,172655,175156,181078,182092,182868,184438,187041,189238,189413,196118,209804,225209,239114,232804,263533,260752,271543,281066,289042,298693,311933,312508,316926,313779,311978,300584,291680,309901,319174
"G20 (Group of Twenty)",244580,248115,253517,254312,251362,240175,234210,224075,213315,203724,203751,203440,196049,179283,179367,173812,170429,168251,165750,162092,159045,157469,140424,144353,147646,152929,165289,175258,186152,198776,215102,226532,239512,249279,259534,257145,257983,263627,290299,297778,302447,308752,316781,336492,356515,361472,379798
"G-77 (Group of 77)",270247,275307,278025,285616,291084,286557,286357,288977,300267,295651,303567,306071,327129,344022,350973,365246,383443,411069,430876,446825,444881,452243,483974,493982,507614,542256,588298,642439,693818,743176,799189,930585,989957,1066888,1100712,1139495,1175347,1206679,1250019,1283465,1364418,1429054,1497558,1588102,1668589,1716960,1798736
"OECD (Organisation for Economic Cooperation and Development)",360723,362461,366096,359159,338181,319054,298579,262296,232295,221445,223112,238980,241101,236762,235959,227305,217952,215787,211175,208970,208246,206857,192529,197897,201947,206363,212284,222149,236813,248726,259077,254319,269315,268062,272492,272646,274319,279675,287486,287335,286108,282158,281418,282704,284782,287775,300141
