Economy_Label,1948_US_at_current_prices_in_millions_Value,1949_US_at_current_prices_in_millions_Value,1950_US_at_current_prices_in_millions_Value,1951_US_at_current_prices_in_millions_Value,1952_US_at_current_prices_in_millions_Value,1953_US_at_current_prices_in_millions_Value,1954_US_at_current_prices_in_millions_Value,1955_US_at_current_prices_in_millions_Value,1956_US_at_current_prices_in_millions_Value,1957_US_at_current_prices_in_millions_Value,1958_US_at_current_prices_in_millions_Value,1959_US_at_current_prices_in_millions_Value,1960_US_at_current_prices_in_millions_Value,1961_US_at_current_prices_in_millions_Value,1962_US_at_current_prices_in_millions_Value,1963_US_at_current_prices_in_millions_Value,1964_US_at_current_prices_in_millions_Value,1965_US_at_current_prices_in_millions_Value,1966_US_at_current_prices_in_millions_Value,1967_US_at_current_prices_in_millions_Value,1968_US_at_current_prices_in_millions_Value,1969_US_at_current_prices_in_millions_Value,1970_US_at_current_prices_in_millions_Value,1971_US_at_current_prices_in_millions_Value,1972_US_at_current_prices_in_millions_Value,1973_US_at_current_prices_in_millions_Value,1974_US_at_current_prices_in_millions_Value,1975_US_at_current_prices_in_millions_Value,1976_US_at_current_prices_in_millions_Value,1977_US_at_current_prices_in_millions_Value,1978_US_at_current_prices_in_millions_Value,1979_US_at_current_prices_in_millions_Value,1980_US_at_current_prices_in_millions_Value,1981_US_at_current_prices_in_millions_Value,1982_US_at_current_prices_in_millions_Value,1983_US_at_current_prices_in_millions_Value,1984_US_at_current_prices_in_millions_Value,1985_US_at_current_prices_in_millions_Value,1986_US_at_current_prices_in_millions_Value,1987_US_at_current_prices_in_millions_Value,1988_US_at_current_prices_in_millions_Value,1989_US_at_current_prices_in_millions_Value,1990_US_at_current_prices_in_millions_Value,1991_US_at_current_prices_in_millions_Value,1992_US_at_current_prices_in_millions_Value,1993_US_at_current_prices_in_millions_Value,1994_US_at_current_prices_in_millions_Value,1995_US_at_current_prices_in_millions_Value,1996_US_at_current_prices_in_millions_Value,1997_US_at_current_prices_in_millions_Value,1998_US_at_current_prices_in_millions_Value,1999_US_at_current_prices_in_millions_Value,2000_US_at_current_prices_in_millions_Value,2001_US_at_current_prices_in_millions_Value,2002_US_at_current_prices_in_millions_Value,2003_US_at_current_prices_in_millions_Value,2004_US_at_current_prices_in_millions_Value,2005_US_at_current_prices_in_millions_Value,2006_US_at_current_prices_in_millions_Value,2007_US_at_current_prices_in_millions_Value,2008_US_at_current_prices_in_millions_Value,2009_US_at_current_prices_in_millions_Value,2010_US_at_current_prices_in_millions_Value,2011_US_at_current_prices_in_millions_Value,2012_US_at_current_prices_in_millions_Value,2013_US_at_current_prices_in_millions_Value,2014_US_at_current_prices_in_millions_Value,2015_US_at_current_prices_in_millions_Value,2016_US_at_current_prices_in_millions_Value,2017_US_at_current_prices_in_millions_Value,2018_US_at_current_prices_in_millions_Value,2019_US_at_current_prices_in_millions_Value,2020_US_at_current_prices_in_millions_Value,2021_US_at_current_prices_in_millions_Value,2022_US_at_current_prices_in_millions_Value,2023_US_at_current_prices_in_millions_Value,2024_US_at_current_prices_in_millions_Value,2025_US_at_current_prices_in_millions_Value
"World",62369,62281,64029,88610,88126,85460,89403,99731,109869,121709,115580,123751,137925,143459,151544,164840,184281,199742,218637,229018,253340,287789,330904,367158,433699,596858,862556,912015,1028544,1172974,1363123,1702144,2093671,2084456,1957343,1903115,2028149,2029096,2215521,2593512,2977851,3217216,3616248,3644265,3916269,3850766,4387990,5241978,5496666,5685552,5633004,5857789,6652863,6410067,6662108,7778802,9476842,10797252,12379818,14259986,16517743,12752740,15435497,18444584,18666162,18974542,19070912,16726094,16203550,17967174,19808697,19323221,17874104,22572793,25674035,24298956,24833028,26607603
"Africa",5034,5071,4509,6125,6398,5948,6442,7056,7308,8063,8017,7724,8551,8412,7785,8757,9702,10478,10568,10890,11345,12416,14699,16847,17457,23340,35716,45595,45713,55034,66076,68287,97378,110958,96417,86447,82805,75131,75264,84553,100671,98474,97230,94641,100578,96665,104975,126355,126243,131787,133130,128209,128137,132567,134283,164244,210103,254783,301820,377482,481589,416853,491801,571752,623349,651140,655909,566958,508022,524505,591073,589748,491447,616240,739815,717898,721116,788936
"Americas",17945,16878,19142,25227,25194,24478,24279,26690,29794,32031,30676,32994,32730,32832,35132,36148,39580,43850,50979,53313,62601,68790,75378,85743,101876,128593,197304,199082,232471,268640,306256,369921,445798,478162,422899,421659,514140,519319,557289,615629,683516,733083,770450,780827,859120,934853,1069792,1192769,1275166,1429562,1497097,1615175,1894047,1787563,1784633,1917967,2256353,2594864,2918993,3173486,3520423,2633264,3271614,3830982,3944312,3976390,4051039,3780643,3602154,3879006,4218608,4123340,3747764,4712633,5502741,5197784,5432693,5678795
"Asia",8366,9301,9216,13870,13877,13345,13111,14511,16266,19007,17014,18773,21264,22152,21941,24216,27061,28697,32140,34682,37327,42131,48839,52997,63348,96943,153890,164691,186027,218181,256669,329215,431042,472337,458717,452975,470695,453378,449378,530634,662333,740212,829942,913459,1006141,1092174,1233291,1507140,1600799,1627125,1380617,1486458,1827704,1713764,1822648,2172435,2761272,3224708,3729090,4322635,5248853,4206727,5462137,6708058,7021037,7203066,7203676,6246395,5942386,6751236,7506822,7308427,6821769,8809718,9799540,9200546,9603486,10254218
"Central Asia",,,,,,,,,,,,,,,,,,,,,,,,,,,,,,,,,,,,,,,,,,,,,7921,8110,8497,9254,11774,11175,10135,9519,10756,12665,12437,15181,21626,26398,34271,47958,60111,49841,51376,62445,77445,82164,75250,56533,48349,53142,60668,70950,67247,78848,97581,119064,118289,132245
"Eastern Asia",1826,1767,2412,4291,4245,5013,4785,5405,6181,7891,6968,7903,8812,9272,8938,10448,12025,13052,15160,17497,19532,22498,27642,29549,35714,57450,90487,85946,96937,108465,130719,178063,228569,241193,221726,221998,250124,258854,267043,325539,419803,465805,503457,554224,599268,651855,748094,906550,946556,957239,809743,891425,1124625,1049001,1111383,1341978,1689771,1928248,2227961,2535806,2976861,2417577,3220561,3934465,4075189,4219350,4201703,3579394,3395074,3860115,4352045,4187956,4044539,5184635,5468679,5028600,5093703,5326202
"South-eastern Asia",2936,2982,2980,4570,4307,3881,3707,4051,4379,4739,4040,4092,4619,5104,4691,4819,5002,5297,5455,6100,6653,7386,8179,9203,10544,15217,23879,25180,27746,32055,38274,49002,65640,73469,77193,78886,76384,66567,64918,82042,106702,129458,162346,183991,200916,231048,281233,355311,375901,381849,287187,310188,380640,346992,366669,411918,513771,602840,687813,775105,939033,727246,953358,1154983,1224384,1242854,1245125,1098393,1079286,1259448,1425195,1388934,1270320,1623453,1877436,1715952,1871568,2093620
"Southern Asia",2268,3028,2216,3079,3128,2292,2409,2508,3055,3614,3348,3807,4654,4353,4591,4977,5766,5747,6426,6170,5613,5788,5897,5949,7087,9416,14943,21585,22833,25673,28386,28139,38359,41644,37969,43352,43119,39623,37720,38574,42244,49930,59408,64704,67482,63337,60743,74029,81284,83108,82235,87730,94762,96036,107523,132074,174877,236876,281881,344564,467115,380733,507009,641515,662134,629471,644385,561550,534127,651785,730749,680235,545787,820599,979526,894151,954723,999619
"Western Asia",1336,1523,1608,1930,2196,2159,2211,2547,2651,2764,2659,2971,3179,3423,3721,3972,4268,4602,5099,4915,5529,6458,7122,8296,10003,14860,24582,31980,38511,51988,59290,74011,98474,116031,121830,108739,101068,88334,79698,84479,93584,95019,104732,110540,130554,137824,134724,161996,185284,193754,191317,187596,216921,209070,224635,271283,361228,430346,497164,619200,805733,631329,729833,914650,981885,1029227,1037213,950526,885550,926746,938166,980352,893876,1102183,1376317,1442779,1565203,1702532
"Europe",29149,29007,29058,40323,39781,39569,42887,48361,53626,59645,56829,61331,71714,76559,83149,91757,103272,111428,119705,124693,136156,158248,184741,203931,243335,337044,458179,486786,547049,612184,712683,909206,1088225,987495,943702,912113,925094,946145,1097874,1322289,1483745,1586929,1862043,1799839,1892021,1666759,1908754,2334321,2407589,2410096,2539006,2538393,2711347,2692733,2826075,3408021,4107206,4561275,5252759,6177239,7017373,5292701,5963383,7037157,6762201,6845061,6863626,5874081,5906124,6529515,7196982,7020987,6550616,8107389,9248893,8825637,8714484,9509377
"Oceania",1875,2025,2104,3065,2876,2120,2684,3114,2875,2963,3043,2929,3667,3505,3538,3962,4666,5288,5246,5439,5911,6205,7248,7641,7684,10938,17467,15861,17286,18935,21439,25514,31229,35504,35608,29921,35416,35123,35716,40407,47585,58518,56582,55500,58409,60315,71179,81393,86869,86983,83153,89555,91629,83440,94470,116135,141908,161622,177157,209144,249506,203196,246562,296635,315262,298885,296662,258017,244863,282912,295213,280719,262507,326812,383046,357090,361249,376278
"Individual economies",,,,,,,,,,,,,,,,,,,,,,,,,,,,,,,,,,,,,,,,,,,,,,,,,,,,,,,,,,,,,,,,,,,,,,,,,,,,,,
"China",387,,580,1200,1120,1350,1290,1730,1560,2031,2506,2892,2648,1747,1373,1450,1710,2246,2482,2169,2068,1917,2279,2129,2851,5208,7791,7926,6660,7148,11131,15621,19941,22015,19285,21390,27410,42252,42904,43216,55268,59140,53345,63791,80600,103959,115637,132079,138943,142189,140305,165788,225024,243553,295170,412760,561229,659953,791461,956116,1132567,1005923,1396247,1743484,1818405,1949990,1959233,1679566,1587925,1843792,2135748,2078386,2065964,2679412,2706507,2556941,2583218,2582896
"China, Hong Kong SAR",523,624,663,852,661,678,601,651,799,901,804,866,1026,1045,1165,1297,1496,1569,1767,1818,2058,2458,2905,3391,3856,5655,6778,6766,8838,10446,13394,17127,22994,26136,24867,24409,30444,31195,35942,50691,70325,77662,84725,103883,127340,141308,165878,196072,201284,213297,186759,180711,214042,202008,207969,233249,272893,300160,335754,370132,392962,352241,441369,510855,553486,622277,600765,558770,546520,588913,626616,577834,569769,712358,667554,653696,704141,831832
"China, Macao SAR",21,41,41,40,40,40,40,11,13,18,20,27,30,32,38,42,48,47,51,43,50,60,65,75,104,158,134,161,161,198,249,351,544,711,719,727,795,778,879,1120,1288,1480,1539,1852,1968,2025,2001,2042,2000,2082,1955,2040,2625,2824,3009,3232,4094,4514,5236,6045,5880,4751,5629,7927,8982,10141,11262,10603,8924,9451,11162,11167,11588,19219,17338,17542,16011,15541
"China, Taiwan Province of",5,59,110,134,187,192,211,201,194,212,226,213,272,322,304,363,430,557,622,808,906,1216,1528,1849,2518,3801,6983,5959,7609,8522,11051,14794,19754,21130,18814,20315,21993,20122,24236,35094,49780,52475,54782,63053,72209,77112,85484,103558,103079,114446,105442,111449,140642,107944,113331,128130,169250,182614,202698,219252,240448,174371,251236,281438,277324,278010,281850,237219,230568,259266,286333,287164,288053,382101,435835,358960,401113,494303
"Dem. People's Rep. of Korea",,,,,,,,,,,,,,,,,,,,,,,,,,,,,,,,,1200,1500,1500,1600,1700,1787,2104,2260,2839,2905,2930,2760,1710,1640,1260,1380,1320,1387,1013,1177,1686,1847,1894,2049,2279,2718,2880,3055,3580,3095,3530,4370,4825,4650,5585,4822,3857,3781,2621,2977,774,631,1430,2440,2340,2869
"Japan",684,905,964,1988,2023,2408,2399,2471,3230,4286,3033,3599,4491,5810,5636,6736,7938,8169,9523,11663,12988,15023,18881,19712,23863,38389,61948,57860,64895,71340,79922,109831,141296,142866,131499,126437,136176,130488,127553,151033,187378,209715,235368,236999,233247,241624,275228,335885,349152,338754,280484,309995,379510,349089,337194,382930,454542,515866,579064,622243,762534,551981,694059,855380,885843,832342,812208,648117,607728,672096,748488,720957,635460,768976,899941,787199,743498,755553
"Kazakhstan",,,,,,,,,,,,,,,,,,,,,,,,,,,,,,,,,,,,,,,,,,,,,3967,3887,3561,3807,4241,4301,4314,3655,5040,6446,6584,8409,12781,17353,23677,32756,37889,28409,31107,36906,46358,48806,41296,30568,24995,29266,32534,37757,37222,41171,50934,60655,59133,64459
"Kyrgyzstan",,,,,,,,,,,,,,,,,,,,,,,,,,,,,,,,,,,,,,,,,,,,,418,430,316,522,838,709,842,613,558,467,587,717,941,1102,1931,2789,4072,3040,3223,4261,5374,6070,5732,4070,4000,4495,5292,4989,3719,5580,9803,12518,12489,12973
"Mongolia",,,,,,,,,,,,,,,,,,,,,,,,,,,,,,,,,548,704,791,928,975,1096,1840,1105,1114,963,924,361,418,386,258,415,439,468,503,513,615,638,691,801,1021,1184,1486,2117,3616,2131,3278,6598,6738,6355,5237,3798,3358,4337,5875,6128,5299,6846,8704,9250,11615,11312
"Republic of Korea",206,139,54,76,214,345,243,341,386,442,378,304,344,316,422,560,404,463,716,996,1463,1824,1984,2394,2522,4240,6852,7274,8774,10811,14972,20339,22292,26131,24251,26192,30631,31136,31585,41020,51811,61465,69844,81525,81775,83800,102348,135119,150339,144616,93282,119752,160481,141098,152126,178827,224463,261238,309383,356846,435275,323085,425212,524413,519585,515586,525564,436499,406193,478478,535202,503343,467633,615093,731370,642572,631767,631895
"Tajikistan",,,,,,,,,,,,,,,,,,,,,,,,,,,,,,,,,,,,,,,,,,,,,132,463,545,810,670,750,710,663,675,688,721,881,1191,1330,1723,2455,3273,2570,2657,3206,3778,4151,4297,3436,3031,2775,3151,3349,3151,4210,5168,5880,7010,8307
"Turkmenistan",,,,,,,,,,,,,,,,,,,,,,,,,,,,,,,,,,,,,,,,,,,,,543,501,1470,1365,1315,1230,980,1478,1786,2250,2120,2512,3320,2947,2560,3619,5600,6800,5700,7600,9900,10000,10000,7000,4994,4571,2379,2988,3223,4147,3456,4436,4419,4761
"Uzbekistan",,,,,,,,,,,,,,,,,,,,,,,,,,,,,,,,,,,,,,,,,,,,,2862,2829,2605,2750,4710,4185,3290,3110,2697,2814,2425,2662,3392,3666,4380,6340,9277,9023,8689,10472,12034,13138,13925,11461,11328,12035,17312,21867,19932,23740,28220,35575,35238,41746
"Asia and Oceania",10242,11326,11320,16935,16753,15465,15795,17625,19141,21969,20057,21702,24930,25657,25479,28179,31727,33985,37386,40121,43238,48335,56087,60638,71032,107881,171357,180551,203313,237117,278108,354729,462271,507841,494325,482895,506111,488501,485094,571041,709918,798731,886525,968959,1064549,1152489,1304470,1588534,1687668,1714108,1463770,1576012,1919333,1797204,1917118,2288569,2903179,3386330,3906246,4531779,5498359,4409923,5708699,7004693,7336299,7501951,7500338,6504412,6187249,7034148,7802035,7589146,7084277,9136530,10182586,9557636,9964735,10630496
"Northern America and Europe",39976,39438,41828,56391,55906,56160,58515,65902,73779,80526,77132,84562,94239,98648,107239,116913,131079,143341,157629,164394,183922,210732,241635,268936,322442,435577,603201,629104,720127,815067,945448,1188641,1408436,1331514,1257385,1247460,1349977,1379987,1566512,1840310,2057068,2200660,2503400,2433983,2576301,2410173,2754030,3274272,3405684,3511062,3690525,3819213,4216579,4100313,4254999,4957460,5914426,6618054,7531663,8589839,9608027,7229793,8337136,9768747,9576884,9651989,9753439,8621200,8571017,9383596,10282335,10053626,9380442,11551418,13209191,12567191,12648196,13595759
"Europe, Northern America, Australia and New Zealand",41768,41366,43843,59341,58642,58145,61054,68845,76464,83275,79944,87297,97687,101918,110532,120592,135358,148156,162336,169273,189183,216272,247937,275512,328992,445146,618832,642956,735612,831940,964506,1211384,1436307,1363462,1289834,1274250,1382099,1411868,1598679,1876903,2100505,2254377,2554886,2484011,2629309,2465386,2819369,3349511,3485835,3591472,3767651,3902689,4302012,4177509,4342736,5065104,6047005,6769554,7697340,8786057,9842669,7420838,8569392,10049553,9876077,9933770,10033309,8866255,8803366,9652501,10561513,10317552,9629419,11862438,13572599,12904555,12991398,13953942
"Central and Southern Asia",2268,3028,2216,3079,3128,2292,2409,2508,3055,3614,3348,3807,4654,4353,4591,4977,5766,5747,6426,6170,5613,5788,5897,5949,7087,9416,14943,21585,22833,25673,28386,28139,38359,41644,37969,43352,43119,39623,37720,38574,42244,49930,59408,64704,75403,71447,69240,83283,93058,94283,92370,97249,105518,108701,119960,147255,196502,263274,316152,392523,527226,430575,558385,703960,739579,711635,719635,618083,582476,704927,791417,751185,613034,899447,1077107,1013215,1073013,1131863
"Eastern and South-Eastern Asia",4762,4749,5392,8861,8553,8894,8492,9456,10561,12630,11008,11995,13431,14376,13629,15267,17027,18349,20615,23596,26185,29884,35821,38752,46258,72667,114366,111126,124683,140520,168993,227065,294209,314662,298919,300884,326508,325421,331961,407580,526505,595263,665803,738215,800183,882903,1029327,1261861,1322456,1339088,1096930,1201613,1505265,1395993,1478053,1753896,2203541,2531088,2915774,3310912,3915894,3144823,4173920,5089448,5299573,5462204,5446828,4677787,4474360,5119563,5777239,5576889,5314859,6808089,7346116,6744552,6965271,7419822
"Western Asia and Northern Africa",3107,3261,3235,4001,4399,4093,4125,4639,4793,5182,5296,5479,6067,6197,5969,6766,7200,7433,8168,7816,8682,9866,10997,12523,15004,22079,37404,49832,55739,73806,85469,99199,130026,154242,157853,143495,136623,120756,112527,120569,139963,138870,142433,144464,166874,174204,174465,208126,231933,240240,243037,236980,264405,257243,276135,327984,434279,518237,597915,751013,979671,790798,917194,1105427,1201632,1257892,1262328,1146168,1068250,1118116,1151823,1192669,1073039,1319569,1636539,1688460,1821801,1991663
"Developing economies",19541,19501,18828,26771,26869,24221,25351,27652,29302,33143,31700,32000,34796,34722,34190,36144,39638,41972,45076,46147,48230,52814,59788,66914,75534,104391,169080,197619,213162,252474,295550,351003,482790,540596,500880,465442,468060,444483,445627,508724,621279,675028,736788,820451,948373,1034743,1162791,1388190,1475737,1576231,1458560,1488569,1769328,1702999,1790449,2111172,2702468,3197136,3736769,4427186,5398966,4399724,5677056,6930730,7301968,7611669,7620356,6706134,6312621,7085740,7876081,7695651,7063572,9223734,10350158,9858595,10360979,11155443
"Developing economies: Africa",5034,5071,4509,6125,6398,5948,6442,7056,7308,8063,8017,7724,8551,8412,7785,8757,9702,10478,10568,10890,11345,12416,14699,16847,17457,23340,35716,45595,45713,55034,66076,68287,97378,110958,96417,86447,82805,75131,75264,84553,100671,98474,97230,94641,100578,96665,104975,126355,126243,131787,133130,128209,128137,132567,134283,164244,210103,254783,301820,377482,481589,416853,491801,571752,623349,651140,655909,566958,508022,524505,591073,589748,491447,616240,739815,717898,721116,788936
"Developing economies: Americas",7118,6446,6371,9159,9069,7887,8651,9149,9640,11150,10373,9764,10205,10742,11042,10991,11773,11936,13054,13613,14835,16306,18484,20737,22769,30060,52281,56765,59393,65756,73491,90487,125587,134143,109216,86312,89257,85477,88651,97609,110193,119351,129092,146682,174841,191439,224516,252818,277071,328596,345578,334355,388815,379983,355708,368528,449134,538085,640089,760886,929769,696172,897861,1099392,1129630,1169462,1161226,1033524,937261,1024925,1133254,1090701,917938,1268604,1542442,1456230,1498980,1592412
"Developing economies: Asia and Oceania",7389,7984,7948,11487,11402,10386,10257,11448,12353,13930,13309,14512,16041,15568,15364,16396,18163,19557,21453,21645,22050,24092,26606,29330,35309,50991,81083,95260,108057,131684,155983,192230,259826,295495,295247,292683,295999,283875,281713,326562,410414,457204,510465,579128,672954,746638,833300,1009017,1072423,1115848,979852,1026006,1252377,1190449,1300458,1578400,2043230,2404268,2794861,3288818,3987608,3286700,4287394,5259586,5548990,5791067,5803221,5105653,4867337,5536310,6151754,6015202,5654187,7338889,8067900,7684467,8140883,8774094
"Developed economies",42829,42780,45201,61839,61257,61239,64052,72079,80568,88565,83880,91752,103128,108737,117354,128696,144643,157770,173562,182870,205110,234975,271116,300244,358165,492467,693476,714396,815382,920500,1067573,1351140,1610881,1543860,1456463,1437672,1560090,1584614,1769894,2084788,2356572,2542188,2879460,2823814,2967896,2816024,3225200,3853788,4020929,4109321,4174444,4369219,4883535,4707068,4871659,5667630,6774375,7600116,8643049,9832800,11118777,8353016,9758441,11513854,11364193,11362873,11450557,10019959,9890929,10881434,11932616,11627570,10810532,13349059,15323877,14440360,14472048,15452161
"Developed economies: Americas",10827,10432,12771,16068,16125,16591,15627,17541,20153,20881,20302,23230,22525,22089,24090,25157,27807,31914,37924,39701,47766,52484,56894,65006,79107,98533,145023,142317,173078,202884,232765,279435,320211,344019,313683,335347,424884,433842,468638,518020,573323,613732,641357,634144,684279,743414,845276,939951,998095,1100966,1151519,1280820,1505232,1407580,1428925,1549439,1807219,2056779,2278904,2412600,2590654,1937092,2373753,2731590,2814682,2806928,2889813,2747119,2664893,2854081,3085354,3032639,2829826,3444029,3960299,3741554,3933712,4086382
"Developed economies: Asia and Oceania",2852,3342,3372,5448,5351,5079,5538,6177,6788,8039,6748,7190,8890,10089,10115,11783,13565,14428,15933,18476,21188,24243,29481,31308,35723,56890,90274,85292,95256,105433,122125,162499,202446,212346,199078,190212,210112,204627,203382,244478,299504,341527,376060,389831,391596,405851,471170,579516,615245,598260,483918,550007,666956,606755,616660,710169,859949,982062,1111386,1242961,1510750,1123223,1421305,1745107,1787310,1710884,1697118,1398759,1319912,1497838,1650281,1573944,1430090,1797641,2114686,1873169,1823852,1856402
"Developed economies: Europe",29149,29007,29058,40323,39781,39569,42887,48361,53626,59645,56829,61331,71714,76559,83149,91757,103272,111428,119705,124693,136156,158248,184741,203931,243335,337044,458179,486786,547049,612184,712683,909206,1088225,987495,943702,912113,925094,946145,1097874,1322289,1483745,1586929,1862043,1799839,1892021,1666759,1908754,2334321,2407589,2410096,2539006,2538393,2711347,2692733,2826075,3408021,4107206,4561275,5252759,6177239,7017373,5292701,5963383,7037157,6762201,6845061,6863626,5874081,5906124,6529515,7196982,7020987,6550616,8107389,9248893,8825637,8714484,9509377
"Developing economies excluding China",19154,19501,18248,25571,25749,22871,24061,25922,27742,31112,29193,29108,32148,32976,32817,34693,37928,39725,42594,43978,46162,50897,57509,64785,72684,99184,161289,189694,206502,245325,284420,335383,462849,518581,481595,444052,440650,402231,402723,465508,566011,615888,683443,756660,867773,930784,1047154,1256111,1336794,1434042,1318255,1322781,1544304,1459446,1495279,1698412,2141239,2537183,2945308,3471070,4266399,3393801,4280809,5187246,5483563,5661679,5661123,5026568,4724696,5241948,5740333,5617265,4997609,6544322,7643651,7301654,7777761,8572546
"Developing economies excluding LDCs",18227,18105,17154,24545,24317,21861,22512,24706,26160,29504,28429,28823,31383,31218,30649,32308,35769,37860,40838,41832,43703,47917,54462,61310,69550,96840,159161,186609,202873,239661,279904,332723,457998,515782,478217,444371,446625,423849,425086,486971,597623,650621,710987,796020,921303,1007529,1134874,1354575,1439114,1538550,1419676,1447733,1726699,1657238,1741799,2052751,2633390,3111824,3638528,4305796,5241470,4251399,5513009,6728533,7079219,7371709,7363461,6465078,6091479,6839258,7602448,7421086,6815098,8911592,9989758,9520357,10020286,10778376
"LDCs (Least developed countries)",1314,1395,1675,2226,2552,2360,2838,2946,3141,3639,3271,3176,3414,3504,3542,3835,3869,4112,4238,4316,4527,4898,5326,5604,5985,7551,9919,11010,10289,12813,15646,18280,24742,24746,22594,20999,21362,20549,20449,21666,23528,24317,25720,24348,26945,27123,27825,33502,36495,37544,38751,40654,42454,45571,48454,58172,68667,84925,97822,120864,156953,147796,163193,201154,221758,239051,255962,239996,220139,245453,272586,273585,247575,310921,358889,336925,339246,374886
"LDCs: Africa",927,1100,1131,1522,1774,1620,2023,2177,2283,2606,2315,2239,2296,2371,2377,2445,2384,2587,2820,2945,3195,3320,3742,4328,4453,5569,7258,8056,7601,9022,11002,12349,16436,16348,14420,13039,12455,12558,13278,14828,15789,16319,17796,16069,17587,16650,16918,19485,21330,21255,21974,22225,22440,24266,26670,33576,40720,52254,59982,75480,100575,94439,98099,117694,132853,143527,150562,136086,118225,127387,139375,139494,125850,148369,185946,194169,194633,217012
"LDCs: Asia",353,261,504,655,720,687,760,721,801,984,900,893,1066,1087,1112,1336,1427,1473,1360,1311,1270,1516,1503,1185,1428,1856,2472,2742,2430,3518,4336,5547,7791,7798,7666,7394,8313,7412,6685,6285,7216,7523,7416,7677,8857,9887,10430,13106,14248,15381,15754,17190,18798,20107,20473,23056,26217,30738,35713,43003,53184,50378,60975,79260,84174,90162,99901,98816,96748,112309,126783,127976,116266,155899,166068,135722,137916,150583
"LDCs: Islands and Haiti",34,34,40,49,57,53,56,48,57,49,56,44,52,46,52,54,58,53,59,59,61,61,81,91,104,126,189,212,258,273,308,385,515,601,508,565,593,579,486,554,522,475,507,601,501,586,478,911,917,908,1022,1239,1216,1198,1311,1541,1730,1934,2127,2382,3193,2978,4119,4200,4731,5362,5499,5094,5166,5757,6428,6114,5459,6653,6874,7034,6696,7291
"LLDCs (Landlocked developing countries)",447,527,598,792,813,791,1111,1220,1271,1400,1350,1310,1401,1421,1469,1517,1520,1834,1795,1924,1979,2063,2319,2610,2692,3279,4458,5259,4663,5284,6580,7896,10813,11644,11194,10524,10487,10509,12168,12430,13394,13359,15639,14301,26640,26273,28469,33216,38946,38852,37352,34411,36473,39652,40870,49369,63816,75781,91656,119284,151535,133883,151935,190395,214483,223542,220354,190645,175581,190981,218067,227197,206102,249821,291469,319470,336391,370905
"SIDS (Small island developing States) (UN-OHRLLS)",2525,2446,2922,4011,3767,3258,3399,3846,4101,4567,4420,4299,4249,4384,4568,4870,5050,5030,5441,5781,6276,7170,8376,9495,10364,14314,24258,25649,28338,30737,34205,41969,58666,62802,61222,58526,57960,51511,52910,60418,72521,81534,90197,95171,99783,114189,133280,159812,166706,170688,140156,150796,179591,160007,159790,183058,225890,263183,312316,345351,419233,318726,392024,464963,476222,474047,476626,383982,367039,416082,470220,457427,407053,504528,594714,545229,580103,631873
"SIDS: Atlantic and Indian Ocean",74,67,85,102,113,117,117,125,120,138,150,157,169,166,163,163,184,178,183,197,203,222,265,292,342,439,623,661,676,812,944,1100,1224,1180,1126,1144,1199,1271,1496,1863,2266,2387,2831,2713,2941,2986,3365,3504,3938,3892,3802,4186,4019,3951,4137,4606,5539,6382,7415,8391,9920,8074,8982,10201,10261,10616,11185,9822,10458,12030,13380,13029,9889,12154,15570,15120,16063,16407
"SIDS: Caribbean",1522,1494,1678,2152,2289,2019,2149,2288,2507,2879,2850,2672,2530,2687,2841,3024,3342,3136,3392,3585,3763,4244,4704,5299,5494,7378,13418,14846,16792,17391,17819,20455,30077,30494,28770,26094,24800,20712,22353,22183,22243,24690,21370,20694,19262,20867,21405,25646,24711,27787,28595,29472,34869,33845,32518,33654,37331,46574,54667,60757,74472,52472,57759,72907,69571,72533,69943,63597,60246,61633,69469,67812,53236,69557,83079,86110,86410,90641
"SIDS: Pacific",930,884,1159,1757,1365,1122,1133,1433,1474,1550,1420,1470,1551,1531,1563,1682,1524,1717,1866,2000,2311,2703,3407,3904,4528,6496,10217,10142,10871,12534,15442,20414,27366,31128,31325,31289,31960,29527,29060,36372,48011,54457,65995,71764,77580,90336,108511,130661,138056,139010,107760,117138,140703,122211,123135,144797,183020,210227,250233,276204,334841,258180,325284,381855,396390,390898,395498,310562,296335,342419,387370,376586,343928,422817,496066,443999,477630,524825
"BRICS",7050,7326,6486,10104,10339,9416,10104,10475,11379,12962,13462,14680,15724,15049,15232,16386,18377,19514,20441,20666,21919,23163,26545,29302,35211,49551,73173,94878,97145,104302,124542,139742,184566,204030,198578,201506,200916,206296,214887,233592,270756,292604,301230,245020,267434,290228,332243,405246,436326,466775,431068,426693,518088,541062,607615,786721,1056044,1295153,1563901,1938983,2472917,2011527,2712385,3431840,3592728,3717451,3684185,3083153,2895533,3341077,3775933,3706118,3430595,4585557,4962967,4776120,4956337,5107778
"European Union (2020 …)",17404,17180,18396,24832,25183,25027,27714,31509,35804,40380,38141,40970,48627,52923,58357,64809,72827,80376,87546,90173,99234,118160,138714,153597,184146,255812,349394,366568,420993,468974,542584,698101,838358,751816,711135,679468,686889,697696,812381,989265,1098142,1181278,1407139,1445565,1528128,1326271,1517018,1870780,1904638,1882332,2007094,2030087,2168150,2141638,2237907,2738276,3303629,3638155,4157043,4925544,5590515,4192224,4734074,5558561,5168675,5260347,5348793,4609273,4621874,5161124,5752012,5544411,5154104,6497796,7499517,7070134,6909053,7406849
"G20 (Group of Twenty)",35313,34258,34777,50250,49264,47790,48064,53228,58755,64209,60353,65179,71532,72238,76409,83658,93001,99722,111380,119269,134226,149828,168717,186276,223598,307715,454654,462173,523634,591986,694457,881546,1088812,1111965,1041312,1027267,1147513,1163395,1250212,1441276,1659634,1805453,2344792,2319584,2457411,2417870,2746311,3218123,3372313,3522607,3509835,3718527,4278326,4093134,4216280,4893415,5909402,6714238,7694927,8689337,9935145,7672069,9516673,11443903,11530660,11604022,11688524,10249659,9849179,10936655,12044008,11706199,10825401,13584414,15455346,14553973,14741548,15409579
"G-77 (Group of 77)",17366,17272,16336,23466,23479,20927,22160,24223,25543,29036,27854,28264,30742,30538,29754,31323,34426,36405,38979,39623,40959,44637,50100,56097,62760,85768,139888,168458,179510,216443,251815,293747,399602,445313,420865,389689,379347,356317,349383,379850,447277,481689,517609,565965,639339,697788,784122,953619,1013802,1065458,971215,990990,1157809,1154428,1220631,1476535,1923897,2324340,2738730,3304120,4158306,3424479,4418195,5447328,5754804,5964933,5975756,5211698,4864265,5487000,6160404,6048400,5496444,7216895,8110667,7684678,8084150,8598579
"OECD (Organisation for Economic Cooperation and Development)",42641,42363,45005,61390,60357,59683,62206,70390,78294,85501,80194,87118,98033,103268,111113,121589,136582,149487,165262,173256,194745,223615,258068,285936,339902,468375,665212,673003,772451,872576,1009694,1286587,1546061,1483617,1381884,1355736,1483502,1505575,1682777,1995426,2266804,2454462,2808010,2843229,3000360,2868415,3270316,3881696,4057445,4169227,4263056,4486999,5037601,4826874,4984990,5763069,6879028,7711825,8746453,9883483,11109322,8400327,9855001,11605755,11480860,11503446,11657595,10330148,10161451,11140178,12191794,11844303,10981610,13605227,15796166,14845362,14866564,15863275
